No.;Time;;;;;TIME 1;TIME 2;DELAY;;DELAY 1;DELAY 2;VARIASI DELLAY
1;0.000000;;;;;0;0,016018;0,016018;;0,016018;0,001844;-0,014174
2;0.016018;;;;;0,016018;0,017862;0,001844;;0,001844;0,010411;0,008567
3;0.017862;;;;;0,017862;0,028273;0,010411;;0,010411;0,127761;0,11735
4;0.028273;;;;;0,028273;0,156034;0,127761;;0,127761;0,015179;-0,112582
5;0.156034;;;;;0,156034;0,171213;0,015179;;0,015179;0,084813;0,069634
6;0.171213;;;;;0,171213;0,256026;0,084813;;0,084813;0,025019;-0,059794
7;0.256026;;;;;0,256026;0,281045;0,025019;;0,025019;1,165039;1,14002
8;0.281045;;;;;0,281045;1,446084;1,165039;;1,165039;0,013316;-1,151723
9;1.446.084;1,446084;;;;1,446084;1,4594;0,013316;;0,013316;0,497659;0,484343
10;1.459.400;1,4594;;;;1,4594;1,957059;0,497659;;0,497659;0,01419;-0,483469
11;1.957.059;1,957059;;;;1,957059;1,971249;0,01419;;0,01419;0,19585;0,18166
12;1.971.249;1,971249;;;;1,971249;2,167099;0,19585;;0,19585;0,024256;-0,171594
13;2.167.099;2,167099;;;;2,167099;2,191355;0,024256;;0,024256;0,29471;0,270454
14;2.191.355;2,191355;;;;2,191355;2,486065;0,29471;;0,29471;0,024748;-0,269962
15;2.486.065;2,486065;;;;2,486065;2,510813;0,024748;;0,024748;0,255219;0,230471
16;2.510.813;2,510813;;;;2,510813;2,766032;0,255219;;0,255219;8,6E-05;-0,255133
17;2.766.032;2,766032;;;;2,766032;2,766118;8,6E-05;;8,6E-05;0,024538;0,024452
18;2.766.118;2,766118;;;;2,766118;2,790656;0,024538;;0,024538;0,026363;0,001825
22;2.790.656;2,790656;;;;2,790656;2,817019;0,026363;;0,026363;0,110983;0,08462
27;2.817.019;2,817019;;;;2,817019;2,928002;0,110983;;0,110983;0,000113;-0,11087
37;2.928.002;2,928002;;;;2,928002;2,928115;0,000113;;0,000113;4E-05;-7,3E-05
38;2.928.115;2,928115;;;;2,928115;2,928155;4E-05;;4E-05;0,008469;0,008429
39;2.928.155;2,928155;;;;2,928155;2,936624;0,008469;;0,008469;0,022651;0,014182
40;2.936.624;2,936624;;;;2,936624;2,959275;0,022651;;0,022651;0;-0,022651
42;2.959.275;2,959275;;;;2,959275;2,959275;0;;0;0,018662;0,018662
43;2.959.275;2,959275;;;;2,959275;2,977937;0,018662;;0,018662;0,132115;0,113453
45;2.977.937;2,977937;;;;2,977937;3,110052;0,132115;;0,132115;0,023322;-0,108793
46;3.110.052;3,110052;;;;3,110052;3,133374;0,023322;;0,023322;0,025694;0,002372
47;3.133.374;3,133374;;;;3,133374;3,159068;0,025694;;0,025694;0,004528;-0,021166
48;3.159.068;3,159068;;;;3,159068;3,163596;0,004528;;0,004528;0,000686;-0,003842
49;3.163.596;3,163596;;;;3,163596;3,164282;0,000686;;0,000686;6,9E-05;-0,000617
50;3.164.282;3,164282;;;;3,164282;3,164351;6,9E-05;;6,9E-05;0,025349;0,02528
51;3.164.351;3,164351;;;;3,164351;3,1897;0,025349;;0,025349;0,580397;0,555048
52;3.189.700;3,1897;;;;3,1897;3,770097;0,580397;;0,580397;0,026118;-0,554279
54;3.770.097;3,770097;;;;3,770097;3,796215;0,026118;;0,026118;1,122954;1,096836
55;3.796.215;3,796215;;;;3,796215;4,919169;1,122954;;1,122954;0,026427;-1,096527
56;4.919.169;4,919169;;;;4,919169;4,945596;0,026427;;0,026427;1,351553;1,325126
57;4.945.596;4,945596;;;;4,945596;6,297149;1,351553;;1,351553;0,02572;-1,325833
1697;6.297.149;6,297149;;;;6,297149;6,322869;0,02572;;0,02572;0,096292;0,070572
1698;6.322.869;6,322869;;;;6,322869;6,419161;0,096292;;0,096292;0,02364;-0,072652
1699;6.419.161;6,419161;;;;6,419161;6,442801;0,02364;;0,02364;0,536382;0,512742
1700;6.442.801;6,442801;;;;6,442801;6,979183;0,536382;;0,536382;0,001012;-0,53537
1718;6.979.183;6,979183;;;;6,979183;6,980195;0,001012;;0,001012;0,008996;0,007984
1719;6.980.195;6,980195;;;;6,980195;6,989191;0,008996;;0,008996;0;-0,008996
1720;6.989.191;6,989191;;;;6,989191;6,989191;0;;0;0,000989;0,000989
1721;6.989.191;6,989191;;;;6,989191;6,99018;0,000989;;0,000989;0,013167;0,012178
1722;6.990.180;6,99018;;;;6,99018;7,003347;0,013167;;0,013167;0,000129;-0,013038
1723;7.003.347;7,003347;;;;7,003347;7,003476;0,000129;;0,000129;0,009226;0,009097
1724;7.003.476;7,003476;;;;7,003476;7,012702;0,009226;;0,009226;0,000223;-0,009003
1725;7.012.702;7,012702;;;;7,012702;7,012925;0,000223;;0,000223;0;-0,000223
1726;7.012.925;7,012925;;;;7,012925;7,012925;0;;0;0,006266;0,006266
1727;7.012.925;7,012925;;;;7,012925;7,019191;0,006266;;0,006266;0,023995;0,017729
1728;7.019.191;7,019191;;;;7,019191;7,043186;0,023995;;0,023995;0,065994;0,041999
1729;7.043.186;7,043186;;;;7,043186;7,10918;0,065994;;0,065994;0,031006;-0,034988
1769;7.109.180;7,10918;;;;7,10918;7,140186;0,031006;;0,031006;0,196292;0,165286
1772;7.140.186;7,140186;;;;7,140186;7,336478;0,196292;;0,196292;0,03118;-0,165112
1788;7.336.478;7,336478;;;;7,336478;7,367658;0,03118;;0,03118;0,489547;0,458367
1790;7.367.658;7,367658;;;;7,367658;7,857205;0,489547;;0,489547;0,022024;-0,467523
1791;7.857.205;7,857205;;;;7,857205;7,879229;0,022024;;0,022024;0,001664;-0,02036
1792;7.879.229;7,879229;;;;7,879229;7,880893;0,001664;;0,001664;0,022463;0,020799
1793;7.880.893;7,880893;;;;7,880893;7,903356;0,022463;;0,022463;0,165857;0,143394
1794;7.903.356;7,903356;;;;7,903356;8,069213;0,165857;;0,165857;0,023921;-0,141936
1795;8.069.213;8,069213;;;;8,069213;8,093134;0,023921;;0,023921;0,146083;0,122162
1796;8.093.134;8,093134;;;;8,093134;8,239217;0,146083;;0,146083;0,013756;-0,132327
1797;8.239.217;8,239217;;;;8,239217;8,252973;0,013756;;0,013756;0,006252;-0,007504
1798;8.252.973;8,252973;;;;8,252973;8,259225;0,006252;;0,006252;0,012861;0,006609
1799;8.259.225;8,259225;;;;8,259225;8,272086;0,012861;;0,012861;0,267145;0,254284
1800;8.272.086;8,272086;;;;8,272086;8,539231;0,267145;;0,267145;0,05628;-0,210865
1802;8.539.231;8,539231;;;;8,539231;8,595511;0,05628;;0,05628;0,373742;0,317462
1803;8.595.511;8,595511;;;;8,595511;8,969253;0,373742;;0,373742;0,191026;-0,182716
1804;8.969.253;8,969253;;;;8,969253;9,160279;0,191026;;0,191026;0,989843;0,798817
1843;9.160.279;9,160279;;;;9,160279;10,150122;0,989843;;0,989843;0,200178;-0,789665
3069;10.150.122;10,150122;;;;10,150122;10,3503;0,200178;;0,200178;0,129003;-0,071175
3730;10.350.300;10,3503;;;;10,3503;10,479303;0,129003;;0,129003;0,024409;-0,104594
3784;10.479.303;10,479303;;;;10,479303;10,503712;0,024409;;0,024409;1,877686;1,853277
3787;10.503.712;10,503712;;;;10,503712;12,381398;1,877686;;1,877686;0,200006;-1,67768
3828;12.381.398;12,381398;;;;12,381398;12,581404;0,200006;;0,200006;2,506668;2,306662
3829;12.581.404;12,581404;;;;12,581404;15,088072;2,506668;;2,506668;0;-2,506668
4122;15.088.072;15,088072;;;;15,088072;15,088072;0;;0;6,1E-05;6,1E-05
4123;15.088.072;15,088072;;;;15,088072;15,088133;6,1E-05;;6,1E-05;8,7E-05;2,6E-05
4124;15.088.133;15,088133;;;;15,088133;15,08822;8,7E-05;;8,7E-05;0,000122;3,5E-05
4125;15.088.220;15,08822;;;;15,08822;15,088342;0,000122;;0,000122;3,2E-05;-9E-05
4126;15.088.342;15,088342;;;;15,088342;15,088374;3,2E-05;;3,2E-05;0,001846;0,001814
4127;15.088.374;15,088374;;;;15,088374;15,09022;0,001846;;0,001846;0,024781;0,022935
4128;15.090.220;15,09022;;;;15,09022;15,115001;0,024781;;0,024781;0,0339;0,009119
4129;15.115.001;15,115001;;;;15,115001;15,148901;0,0339;;0,0339;0;-0,0339
4130;15.148.901;15,148901;;;;15,148901;15,148901;0;;0;5,8E-05;5,8E-05
4131;15.148.901;15,148901;;;;15,148901;15,148959;5,8E-05;;5,8E-05;0,768566;0,768508
4132;15.148.959;15,148959;;;;15,148959;15,917525;0,768566;;0,768566;0,023393;-0,745173
4134;15.917.525;15,917525;;;;15,917525;15,940918;0,023393;;0,023393;0,11659;0,093197
4135;15.940.918;15,940918;;;;15,940918;16,057508;0,11659;;0,11659;0,023687;-0,092903
4136;16.057.508;16,057508;;;;16,057508;16,081195;0,023687;;0,023687;0,066314;0,042627
4137;16.081.195;16,081195;;;;16,081195;16,147509;0,066314;;0,066314;0,025946;-0,040368
4138;16.147.509;16,147509;;;;16,147509;16,173455;0,025946;;0,025946;0,014059;-0,011887
4139;16.173.455;16,173455;;;;16,173455;16,187514;0,014059;;0,014059;0,014014;-4,5E-05
4140;16.187.514;16,187514;;;;16,187514;16,201528;0,014014;;0,014014;0,035986;0,021972
4141;16.201.528;16,201528;;;;16,201528;16,237514;0,035986;;0,035986;0,024314;-0,011672
4142;16.237.514;16,237514;;;;16,237514;16,261828;0,024314;;0,024314;0,732466;0,708152
4143;16.261.828;16,261828;;;;16,261828;16,994294;0,732466;;0,732466;0;-0,732466
4145;16.994.294;16,994294;;;;16,994294;16,994294;0;;0;7,5E-05;7,5E-05
4146;16.994.294;16,994294;;;;16,994294;16,994369;7,5E-05;;7,5E-05;0,000213;0,000138
4147;16.994.369;16,994369;;;;16,994369;16,994582;0,000213;;0,000213;0,00022;7E-06
4148;16.994.582;16,994582;;;;16,994582;16,994802;0,00022;;0,00022;3,1E-05;-0,000189
4149;16.994.802;16,994802;;;;16,994802;16,994833;3,1E-05;;3,1E-05;0,037405;0,037374
4150;16.994.833;16,994833;;;;16,994833;17,032238;0,037405;;0,037405;0;-0,037405
4151;17.032.238;17,032238;;;;17,032238;17,032238;0;;0;8,1E-05;8,1E-05
4152;17.032.238;17,032238;;;;17,032238;17,032319;8,1E-05;;8,1E-05;0,000175;9,4E-05
4153;17.032.319;17,032319;;;;17,032319;17,032494;0,000175;;0,000175;4,6E-05;-0,000129
4154;17.032.494;17,032494;;;;17,032494;17,03254;4,6E-05;;4,6E-05;2,8E-05;-1,8E-05
4155;17.032.540;17,03254;;;;17,03254;17,032568;2,8E-05;;2,8E-05;0,024683;0,024655
4156;17.032.568;17,032568;;;;17,032568;17,057251;0,024683;;0,024683;0,098971;0,074288
4157;17.057.251;17,057251;;;;17,057251;17,156222;0,098971;;0,098971;0,198393;0,099422
4158;17.156.222;17,156222;;;;17,156222;17,354615;0,198393;;0,198393;0;-0,198393
4159;17.354.615;17,354615;;;;17,354615;17,354615;0;;0;9,2E-05;9,2E-05
4160;17.354.615;17,354615;;;;17,354615;17,354707;9,2E-05;;9,2E-05;0,000221;0,000129
4161;17.354.707;17,354707;;;;17,354707;17,354928;0,000221;;0,000221;5,8E-05;-0,000163
4162;17.354.928;17,354928;;;;17,354928;17,354986;5,8E-05;;5,8E-05;5,4E-05;-4E-06
4163;17.354.986;17,354986;;;;17,354986;17,35504;5,4E-05;;5,4E-05;0,025098;0,025044
4164;17.355.040;17,35504;;;;17,35504;17,380138;0,025098;;0,025098;0,242126;0,217028
4165;17.380.138;17,380138;;;;17,380138;17,622264;0,242126;;0,242126;0;-0,242126
4166;17.622.264;17,622264;;;;17,622264;17,622264;0;;0;0;0
4167;17.622.264;17,622264;;;;17,622264;17,622264;0;;0;0,000129;0,000129
4168;17.622.264;17,622264;;;;17,622264;17,622393;0,000129;;0,000129;0,000297;0,000168
4169;17.622.393;17,622393;;;;17,622393;17,62269;0,000297;;0,000297;0,024964;0,024667
4170;17.622.690;17,62269;;;;17,62269;17,647654;0,024964;;0,024964;0,346978;0,322014
4171;17.647.654;17,647654;;;;17,647654;17,994632;0,346978;;0,346978;0,19213;-0,154848
4172;17.994.632;17,994632;;;;17,994632;18,186762;0,19213;;0,19213;1,583984;1,391854
4173;18.186.762;18,186762;;;;18,186762;19,770746;1,583984;;1,583984;0,000281;-1,583703
4189;19.770.746;19,770746;;;;19,770746;19,771027;0,000281;;0,000281;0,02701;0,026729
4190;19.771.027;19,771027;;;;19,771027;19,798037;0,02701;;0,02701;5,2E-05;-0,026958
4191;19.798.037;19,798037;;;;19,798037;19,798089;5,2E-05;;5,2E-05;2,019835;2,019783
4192;19.798.089;19,798089;;;;19,798089;21,817924;2,019835;;2,019835;0,199847;-1,819988
5100;21.817.924;21,817924;;;;21,817924;22,017771;0,199847;;0,199847;1,680106;1,480259
5101;22.017.771;22,017771;;;;22,017771;23,697877;1,680106;;1,680106;0,196805;-1,483301
5433;23.697.877;23,697877;;;;23,697877;23,894682;0,196805;;0,196805;1,363184;1,166379
5435;23.894.682;23,894682;;;;23,894682;25,257866;1,363184;;1,363184;0,024388;-1,338796
5474;25.257.866;25,257866;;;;25,257866;25,282254;0,024388;;0,024388;0,054922;0,030534
5475;25.282.254;25,282254;;;;25,282254;25,337176;0,054922;;0,054922;0,000311;-0,054611
5476;25.337.176;25,337176;;;;25,337176;25,337487;0,000311;;0,000311;0,000396;8,5E-05
5477;25.337.487;25,337487;;;;25,337487;25,337883;0,000396;;0,000396;0,013537;0,013141
5478;25.337.883;25,337883;;;;25,337883;25,35142;0,013537;;0,013537;0,011474;-0,002063
5479;25.351.420;25,35142;;;;25,35142;25,362894;0,011474;;0,011474;6,6E-05;-0,011408
5480;25.362.894;25,362894;;;;25,362894;25,36296;6,6E-05;;6,6E-05;2,535514;2,535448
5481;25.362.960;25,36296;;;;25,36296;27,898474;2,535514;;2,535514;0,013202;-2,522312
5484;27.898.474;27,898474;;;;27,898474;27,911676;0,013202;;0,013202;0,239224;0,226022
5485;27.911.676;27,911676;;;;27,911676;28,1509;0,239224;;0,239224;0,207116;-0,032108
5487;28.150.900;28,1509;;;;28,1509;28,358016;0,207116;;0,207116;1,330002;1,122886
5512;28.358.016;28,358016;;;;28,358016;29,688018;1,330002;;1,330002;0,025025;-1,304977
6788;29.688.018;29,688018;;;;29,688018;29,713043;0,025025;;0,025025;1,97112;1,946095
6789;29.713.043;29,713043;;;;29,713043;31,684163;1,97112;;1,97112;0,023973;-1,947147
6797;31.684.163;31,684163;;;;31,684163;31,708136;0,023973;;0,023973;0,130053;0,10608
6798;31.708.136;31,708136;;;;31,708136;31,838189;0,130053;;0,130053;0,024062;-0,105991
6799;31.838.189;31,838189;;;;31,838189;31,862251;0,024062;;0,024062;0,145961;0,121899
6800;31.862.251;31,862251;;;;31,862251;32,008212;0,145961;;0,145961;0,024603;-0,121358
6801;32.008.212;32,008212;;;;32,008212;32,032815;0,024603;;0,024603;1,691487;1,666884
6802;32.032.815;32,032815;;;;32,032815;33,724302;1,691487;;1,691487;0,02517;-1,666317
7262;33.724.302;33,724302;;;;33,724302;33,749472;0,02517;;0,02517;8,639125;8,613955
7263;33.749.472;33,749472;;;;33,749472;42,388597;8,639125;;8,639125;0,023127;-8,615998
7294;42.388.597;42,388597;;;;42,388597;42,411724;0,023127;;0,023127;2,597949;2,574822
7295;42.411.724;42,411724;;;;42,411724;45,009673;2,597949;;2,597949;0,009023;-2,588926
7299;45.009.673;45,009673;;;;45,009673;45,018696;0,009023;;0,009023;0,00472;-0,004303
7300;45.018.696;45,018696;;;;45,018696;45,023416;0,00472;;0,00472;0,00777;0,00305
7301;45.023.416;45,023416;;;;45,023416;45,031186;0,00777;;0,00777;0,137515;0,129745
7302;45.031.186;45,031186;;;;45,031186;45,168701;0,137515;;0,137515;0,013389;-0,124126
7303;45.168.701;45,168701;;;;45,168701;45,18209;0,013389;;0,013389;1,276677;1,263288
7304;45.182.090;45,18209;;;;45,18209;46,458767;1,276677;;1,276677;0,022223;-1,254454
8622;46.458.767;46,458767;;;;46,458767;46,48099;0,022223;;0,022223;0,493763;0,47154
8623;46.480.990;46,48099;;;;46,48099;46,974753;0,493763;;0,493763;0,013345;-0,480418
8624;46.974.753;46,974753;;;;46,974753;46,988098;0,013345;;0,013345;0,940697;0,927352
8627;46.988.098;46,988098;;;;46,988098;47,928795;0,940697;;0,940697;0,171345;-0,769352
9085;47.928.795;47,928795;;;;47,928795;48,10014;0,171345;;0,171345;0,029662;-0,141683
9086;48.100.140;48,10014;;;;48,10014;48,129802;0,029662;;0,029662;0,024233;-0,005429
9087;48.129.802;48,129802;;;;48,129802;48,154035;0,024233;;0,024233;0,03476;0,010527
9088;48.154.035;48,154035;;;;48,154035;48,188795;0,03476;;0,03476;0,030284;-0,004476
9089;48.188.795;48,188795;;;;48,188795;48,219079;0,030284;;0,030284;0,570735;0,540451
9090;48.219.079;48,219079;;;;48,219079;48,789814;0,570735;;0,570735;0,02591;-0,544825
9091;48.789.814;48,789814;;;;48,789814;48,815724;0,02591;;0,02591;0,657452;0,631542
9093;48.815.724;48,815724;;;;48,815724;49,473176;0,657452;;0,657452;0,199753;-0,457699
9095;49.473.176;49,473176;;;;49,473176;49,672929;0,199753;;0,199753;0,467718;0,267965
9096;49.672.929;49,672929;;;;49,672929;50,140647;0,467718;;0,467718;0,202313;-0,265405
9098;50.140.647;50,140647;;;;50,140647;50,34296;0,202313;;0,202313;0,981983;0,77967
9100;50.342.960;50,34296;;;;50,34296;51,324943;0,981983;;0,981983;0,026056;-0,955927
9101;51.324.943;51,324943;;;;51,324943;51,350999;0,026056;;0,026056;0,091959;0,065903
9102;51.350.999;51,350999;;;;51,350999;51,442958;0,091959;;0,091959;0,023213;-0,068746
9103;51.442.958;51,442958;;;;51,442958;51,466171;0,023213;;0,023213;0,054187;0,030974
9104;51.466.171;51,466171;;;;51,466171;51,520358;0,054187;;0,054187;0,19956;0,145373
9105;51.520.358;51,520358;;;;51,520358;51,719918;0,19956;;0,19956;0,280009;0,080449
9106;51.719.918;51,719918;;;;51,719918;51,999927;0,280009;;0,280009;0;-0,280009
9107;51.999.927;51,999927;;;;51,999927;51,999927;0;;0;0,009942;0,009942
9108;51.999.927;51,999927;;;;51,999927;52,009869;0,009942;;0,009942;0;-0,009942
9109;52.009.869;52,009869;;;;52,009869;52,009869;0;;0;0;0
9110;52.009.869;52,009869;;;;52,009869;52,009869;0;;0;0,013802;0,013802
9111;52.009.869;52,009869;;;;52,009869;52,023671;0,013802;;0,013802;0,000179;-0,013623
9112;52.023.671;52,023671;;;;52,023671;52,02385;0,000179;;0,000179;0,010663;0,010484
9113;52.023.850;52,02385;;;;52,02385;52,034513;0,010663;;0,010663;0;-0,010663
9114;52.034.513;52,034513;;;;52,034513;52,034513;0;;0;0;0
9115;52.034.513;52,034513;;;;52,034513;52,034513;0;;0;0,005383;0,005383
9116;52.034.513;52,034513;;;;52,034513;52,039896;0,005383;;0,005383;0,024283;0,0189
9117;52.039.896;52,039896;;;;52,039896;52,064179;0,024283;;0,024283;0,265809;0,241526
9118;52.064.179;52,064179;;;;52,064179;52,329988;0,265809;;0,265809;0,029977;-0,235832
9119;52.329.988;52,329988;;;;52,329988;52,359965;0,029977;;0,029977;0,197671;0,167694
9120;52.359.965;52,359965;;;;52,359965;52,557636;0,197671;;0,197671;0,029923;-0,167748
9121;52.557.636;52,557636;;;;52,557636;52,587559;0,029923;;0,029923;0,297421;0,267498
9122;52.587.559;52,587559;;;;52,587559;52,88498;0,297421;;0,297421;0,014989;-0,282432
9123;52.884.980;52,88498;;;;52,88498;52,899969;0,014989;;0,014989;0,0117;-0,003289
9124;52.899.969;52,899969;;;;52,899969;52,911669;0,0117;;0,0117;0,017517;0,005817
9125;52.911.669;52,911669;;;;52,911669;52,929186;0,017517;;0,017517;0,160827;0,14331
9126;52.929.186;52,929186;;;;52,929186;53,090013;0,160827;;0,160827;0,025832;-0,134995
9128;53.090.013;53,090013;;;;53,090013;53,115845;0,025832;;0,025832;0,134161;0,108329
9129;53.115.845;53,115845;;;;53,115845;53,250006;0,134161;;0,134161;0,014093;-0,120068
9131;53.250.006;53,250006;;;;53,250006;53,264099;0,014093;;0,014093;0,005887;-0,008206
9132;53.264.099;53,264099;;;;53,264099;53,269986;0,005887;;0,005887;0,012882;0,006995
9133;53.269.986;53,269986;;;;53,269986;53,282868;0,012882;;0,012882;0,307108;0,294226
9134;53.282.868;53,282868;;;;53,282868;53,589976;0,307108;;0,307108;0,056858;-0,25025
9135;53.589.976;53,589976;;;;53,589976;53,646834;0,056858;;0,056858;0,513229;0,456371
9136;53.646.834;53,646834;;;;53,646834;54,160063;0,513229;;0,513229;0,188801;-0,324428
9137;54.160.063;54,160063;;;;54,160063;54,348864;0,188801;;0,188801;5,349749;5,160948
9138;54.348.864;54,348864;;;;54,348864;59,698613;5,349749;;5,349749;0,127217;-5,222532
9159;59.698.613;59,698613;;;;59,698613;59,82583;0,127217;;0,127217;9,5E-05;-0,127122
9160;59.825.830;59,82583;;;;59,82583;59,825925;9,5E-05;;9,5E-05;0,324295;0,3242
9161;59.825.925;59,825925;;;;59,825925;60,15022;0,324295;;0,324295;0,024436;-0,299859
9162;60.150.220;60,15022;;;;60,15022;60,174656;0,024436;;0,024436;0,770616;0,74618
9163;60.174.656;60,174656;;;;60,174656;60,945272;0,770616;;0,770616;0,023888;-0,746728
9164;60.945.272;60,945272;;;;60,945272;60,96916;0,023888;;0,023888;0,116076;0,092188
9165;60.969.160;60,96916;;;;60,96916;61,085236;0,116076;;0,116076;0,02329;-0,092786
9166;61.085.236;61,085236;;;;61,085236;61,108526;0,02329;;0,02329;0,066781;0,043491
9167;61.108.526;61,108526;;;;61,108526;61,175307;0,066781;;0,066781;0,024281;-0,0425
9168;61.175.307;61,175307;;;;61,175307;61,199588;0,024281;;0,024281;0,005704;-0,018577
9169;61.199.588;61,199588;;;;61,199588;61,205292;0,005704;;0,005704;0,017933;0,012229
9170;61.205.292;61,205292;;;;61,205292;61,223225;0,017933;;0,017933;0,042061;0,024128
9171;61.223.225;61,223225;;;;61,223225;61,265286;0,042061;;0,042061;0,025342;-0,016719
9172;61.265.286;61,265286;;;;61,265286;61,290628;0,025342;;0,025342;0,759321;0,733979
9173;61.290.628;61,290628;;;;61,290628;62,049949;0,759321;;0,759321;0;-0,759321
10405;62.049.949;62,049949;;;;62,049949;62,049949;0;;0;0;0
10406;62.049.949;62,049949;;;;62,049949;62,049949;0;;0;0,000109;0,000109
10407;62.049.949;62,049949;;;;62,049949;62,050058;0,000109;;0,000109;0,000409;0,0003
10408;62.050.058;62,050058;;;;62,050058;62,050467;0,000409;;0,000409;0,171506;0,171097
10409;62.050.467;62,050467;;;;62,050467;62,221973;0,171506;;0,171506;0,140757;-0,030749
10410;62.221.973;62,221973;;;;62,221973;62,36273;0,140757;;0,140757;0;-0,140757
10411;62.362.730;62,36273;;;;62,36273;62,36273;0;;0;0;0
10412;62.362.730;62,36273;;;;62,36273;62,36273;0;;0;0,000166;0,000166
10413;62.362.730;62,36273;;;;62,36273;62,362896;0,000166;;0,000166;0,000241;7,5E-05
10414;62.362.896;62,362896;;;;62,362896;62,363137;0,000241;;0,000241;0,19322;0,192979
10415;62.363.137;62,363137;;;;62,363137;62,556357;0,19322;;0,19322;2,153068;1,959848
10416;62.556.357;62,556357;;;;62,556357;64,709425;2,153068;;2,153068;0,199952;-1,953116
10875;64.709.425;64,709425;;;;64,709425;64,909377;0,199952;;0,199952;2,579438;2,379486
10876;64.909.377;64,909377;;;;64,909377;67,488815;2,579438;;2,579438;0,000233;-2,579205
10878;67.488.815;67,488815;;;;67,488815;67,489048;0,000233;;0,000233;9E-05;-0,000143
10879;67.489.048;67,489048;;;;67,489048;67,489138;9E-05;;9E-05;0,000383;0,000293
10880;67.489.138;67,489138;;;;67,489138;67,489521;0,000383;;0,000383;0,19562;0,195237
10881;67.489.521;67,489521;;;;67,489521;67,685141;0,19562;;0,19562;1,033949;0,838329
10882;67.685.141;67,685141;;;;67,685141;68,71909;1,033949;;1,033949;0,199453;-0,834496
10883;68.719.090;68,71909;;;;68,71909;68,918543;0,199453;;0,199453;0,229571;0,030118
10884;68.918.543;68,918543;;;;68,918543;69,148114;0,229571;;0,229571;0,014232;-0,215339
10885;69.148.114;69,148114;;;;69,148114;69,162346;0,014232;;0,014232;0,234743;0,220511
10886;69.162.346;69,162346;;;;69,162346;69,397089;0,234743;;0,234743;0,200478;-0,034265
10887;69.397.089;69,397089;;;;69,397089;69,597567;0,200478;;0,200478;0,689051;0,488573
10888;69.597.567;69,597567;;;;69,597567;70,286618;0,689051;;0,689051;0,024052;-0,664999
10889;70.286.618;70,286618;;;;70,286618;70,31067;0,024052;;0,024052;0,04593;0,021878
10890;70.310.670;70,31067;;;;70,31067;70,3566;0,04593;;0,04593;0,014204;-0,031726
10891;70.356.600;70,3566;;;;70,3566;70,370804;0,014204;;0,014204;1,015313;1,001109
10892;70.370.804;70,370804;;;;70,370804;71,386117;1,015313;;1,015313;8,7E-05;-1,015226
10898;71.386.117;71,386117;;;;71,386117;71,386204;8,7E-05;;8,7E-05;5E-05;-3,7E-05
10899;71.386.204;71,386204;;;;71,386204;71,386254;5E-05;;5E-05;4,7E-05;-3E-06
10900;71.386.254;71,386254;;;;71,386254;71,386301;4,7E-05;;4,7E-05;4E-05;-7E-06
10901;71.386.301;71,386301;;;;71,386301;71,386341;4E-05;;4E-05;0,000106;6,6E-05
10902;71.386.341;71,386341;;;;71,386341;71,386447;0,000106;;0,000106;0,000474;0,000368
10903;71.386.447;71,386447;;;;71,386447;71,386921;0,000474;;0,000474;0,024778;0,024304
10904;71.386.921;71,386921;;;;71,386921;71,411699;0,024778;;0,024778;0,000279;-0,024499
10906;71.411.699;71,411699;;;;71,411699;71,411978;0,000279;;0,000279;0,000674;0,000395
10907;71.411.978;71,411978;;;;71,411978;71,412652;0,000674;;0,000674;0,000323;-0,000351
10908;71.412.652;71,412652;;;;71,412652;71,412975;0,000323;;0,000323;0;-0,000323
10909;71.412.975;71,412975;;;;71,412975;71,412975;0;;0;0,000147;0,000147
10910;71.412.975;71,412975;;;;71,412975;71,413122;0,000147;;0,000147;0,000157;1E-05
10911;71.413.122;71,413122;;;;71,413122;71,413279;0,000157;;0,000157;0,001295;0,001138
10912;71.413.279;71,413279;;;;71,413279;71,414574;0,001295;;0,001295;0,195507;0,194212
10914;71.414.574;71,414574;;;;71,414574;71,610081;0,195507;;0,195507;8,5E-05;-0,195422
10915;71.610.081;71,610081;;;;71,610081;71,610166;8,5E-05;;8,5E-05;0,001209;0,001124
10916;71.610.166;71,610166;;;;71,610166;71,611375;0,001209;;0,001209;9,9E-05;-0,00111
10917;71.611.375;71,611375;;;;71,611375;71,611474;9,9E-05;;9,9E-05;0,003774;0,003675
10918;71.611.474;71,611474;;;;71,611474;71,615248;0,003774;;0,003774;0;-0,003774
10919;71.615.248;71,615248;;;;71,615248;71,615248;0;;0;5E-05;5E-05
10920;71.615.248;71,615248;;;;71,615248;71,615298;5E-05;;5E-05;0,001534;0,001484
10921;71.615.298;71,615298;;;;71,615298;71,616832;0,001534;;0,001534;9,4E-05;-0,00144
10922;71.616.832;71,616832;;;;71,616832;71,616926;9,4E-05;;9,4E-05;0,020991;0,020897
10923;71.616.926;71,616926;;;;71,616926;71,637917;0,020991;;0,020991;0,004741;-0,01625
10924;71.637.917;71,637917;;;;71,637917;71,642658;0,004741;;0,004741;1,699138;1,694397
10925;71.642.658;71,642658;;;;71,642658;73,341796;1,699138;;1,699138;0,199905;-1,499233
10926;73.341.796;73,341796;;;;73,341796;73,541701;0,199905;;0,199905;1,170057;0,970152
10927;73.541.701;73,541701;;;;73,541701;74,711758;1,170057;;1,170057;0,031447;-1,13861
10928;74.711.758;74,711758;;;;74,711758;74,743205;0,031447;;0,031447;1,962675;1,931228
10929;74.743.205;74,743205;;;;74,743205;76,70588;1,962675;;1,962675;0,024011;-1,938664
10932;76.705.880;76,70588;;;;76,70588;76,729891;0,024011;;0,024011;0,132012;0,108001
10933;76.729.891;76,729891;;;;76,729891;76,861903;0,132012;;0,132012;0,027968;-0,104044
10934;76.861.903;76,861903;;;;76,861903;76,889871;0,027968;;0,027968;0,141896;0,113928
10935;76.889.871;76,889871;;;;76,889871;77,031767;0,141896;;0,141896;0,093962;-0,047934
11344;77.031.767;77,031767;;;;77,031767;77,125729;0,093962;;0,093962;1,630214;1,536252
12253;77.125.729;77,125729;;;;77,125729;78,755943;1,630214;;1,630214;0,025375;-1,604839
12707;78.755.943;78,755943;;;;78,755943;78,781318;0,025375;;0,025375;1,371878;1,346503
12708;78.781.318;78,781318;;;;78,781318;80,153196;1,371878;;1,371878;0,198763;-1,173115
12736;80.153.196;80,153196;;;;80,153196;80,351959;0,198763;;0,198763;0,675569;0,476806
12737;80.351.959;80,351959;;;;80,351959;81,027528;0,675569;;0,675569;0;-0,675569
12738;81.027.528;81,027528;;;;81,027528;81,027528;0;;0;9,9E-05;9,9E-05
12739;81.027.528;81,027528;;;;81,027528;81,027627;9,9E-05;;9,9E-05;0,000345;0,000246
12740;81.027.627;81,027627;;;;81,027627;81,027972;0,000345;;0,000345;0,079183;0,078838
12741;81.027.972;81,027972;;;;81,027972;81,107155;0,079183;;0,079183;0;-0,079183
12742;81.107.155;81,107155;;;;81,107155;81,107155;0;;0;0,000137;0,000137
12743;81.107.155;81,107155;;;;81,107155;81,107292;0,000137;;0,000137;0,001054;0,000917
12744;81.107.292;81,107292;;;;81,107292;81,108346;0,001054;;0,001054;0,147846;0,146792
12745;81.108.346;81,108346;;;;81,108346;81,256192;0,147846;;0,147846;0,174116;0,02627
12746;81.256.192;81,256192;;;;81,256192;81,430308;0,174116;;0,174116;1,556564;1,382448
12747;81.430.308;81,430308;;;;81,430308;82,986872;1,556564;;1,556564;0;-1,556564
12765;82.986.872;82,986872;;;;82,986872;82,986872;0;;0;0,000109;0,000109
12766;82.986.872;82,986872;;;;82,986872;82,986981;0,000109;;0,000109;0,000748;0,000639
12767;82.986.981;82,986981;;;;82,986981;82,987729;0,000748;;0,000748;0,023861;0,023113
12768;82.987.729;82,987729;;;;82,987729;83,01159;0,023861;;0,023861;1,586385;1,562524
12769;83.011.590;83,01159;;;;83,01159;84,597975;1,586385;;1,586385;0,000213;-1,586172
12770;84.597.975;84,597975;;;;84,597975;84,598188;0,000213;;0,000213;5E-05;-0,000163
12771;84.598.188;84,598188;;;;84,598188;84,598238;5E-05;;5E-05;0,000369;0,000319
12772;84.598.238;84,598238;;;;84,598238;84,598607;0,000369;;0,000369;0,024097;0,023728
12773;84.598.607;84,598607;;;;84,598607;84,622704;0,024097;;0,024097;2,795523;2,771426
12774;84.622.704;84,622704;;;;84,622704;87,418227;2,795523;;2,795523;0,022926;-2,772597
12796;87.418.227;87,418227;;;;87,418227;87,441153;0,022926;;0,022926;0,0641;0,041174
12797;87.441.153;87,441153;;;;87,441153;87,505253;0,0641;;0,0641;0,19997;0,13587
12798;87.505.253;87,505253;;;;87,505253;87,705223;0,19997;;0,19997;2,322062;2,122092
12799;87.705.223;87,705223;;;;87,705223;90,027285;2,322062;;2,322062;0,008029;-2,314033
12833;90.027.285;90,027285;;;;90,027285;90,035314;0,008029;;0,008029;0,005446;-0,002583
12834;90.035.314;90,035314;;;;90,035314;90,04076;0,005446;;0,005446;0,006932;0,001486
12835;90.040.760;90,04076;;;;90,04076;90,047692;0,006932;;0,006932;0,137607;0,130675
12836;90.047.692;90,047692;;;;90,047692;90,185299;0,137607;;0,137607;0,016285;-0,121322
12837;90.185.299;90,185299;;;;90,185299;90,201584;0,016285;;0,016285;1,283785;1,2675
12838;90.201.584;90,201584;;;;90,201584;91,485369;1,283785;;1,283785;0,013434;-1,270351
12845;91.485.369;91,485369;;;;91,485369;91,498803;0,013434;;0,013434;0,038962;0,025528
12846;91.498.803;91,498803;;;;91,498803;91,537765;0,038962;;0,038962;0;-0,038962
12847;91.537.765;91,537765;;;;91,537765;91,537765;0;;0;0,000104;0,000104
12848;91.537.765;91,537765;;;;91,537765;91,537869;0,000104;;0,000104;0,000225;0,000121
12849;91.537.869;91,537869;;;;91,537869;91,538094;0,000225;;0,000225;6,1E-05;-0,000164
12850;91.538.094;91,538094;;;;91,538094;91,538155;6,1E-05;;6,1E-05;8,1E-05;2E-05
12851;91.538.155;91,538155;;;;91,538155;91,538236;8,1E-05;;8,1E-05;0,025605;0,025524
12852;91.538.236;91,538236;;;;91,538236;91,563841;0,025605;;0,025605;0,075308;0,049703
12853;91.563.841;91,563841;;;;91,563841;91,639149;0,075308;;0,075308;0;-0,075308
12854;91.639.149;91,639149;;;;91,639149;91,639149;0;;0;0;0
12855;91.639.149;91,639149;;;;91,639149;91,639149;0;;0;0,000106;0,000106
12856;91.639.149;91,639149;;;;91,639149;91,639255;0,000106;;0,000106;0,00029;0,000184
12857;91.639.255;91,639255;;;;91,639255;91,639545;0,00029;;0,00029;0,024113;0,023823
12858;91.639.545;91,639545;;;;91,639545;91,663658;0,024113;;0,024113;0,181336;0,157223
12859;91.663.658;91,663658;;;;91,663658;91,844994;0,181336;;0,181336;0;-0,181336
12861;91.844.994;91,844994;;;;91,844994;91,844994;0;;0;0;0
12862;91.844.994;91,844994;;;;91,844994;91,844994;0;;0;9E-05;9E-05
12863;91.844.994;91,844994;;;;91,844994;91,845084;9E-05;;9E-05;0,000117;2,7E-05
12864;91.845.084;91,845084;;;;91,845084;91,845201;0,000117;;0,000117;5,7E-05;-6E-05
12865;91.845.201;91,845201;;;;91,845201;91,845258;5,7E-05;;5,7E-05;0,000325;0,000268
12866;91.845.258;91,845258;;;;91,845258;91,845583;0,000325;;0,000325;0,0246;0,024275
12867;91.845.583;91,845583;;;;91,845583;91,870183;0,0246;;0,0246;0,117226;0,092626
12869;91.870.183;91,870183;;;;91,870183;91,987409;0,117226;;0,117226;0,01224;-0,104986
12871;91.987.409;91,987409;;;;91,987409;91,999649;0,01224;;0,01224;1,157785;1,145545
12872;91.999.649;91,999649;;;;91,999649;93,157434;1,157785;;1,157785;0,023846;-1,133939
13333;93.157.434;93,157434;;;;93,157434;93,18128;0,023846;;0,023846;0,415625;0,391779
13334;93.181.280;93,18128;;;;93,18128;93,596905;0,415625;;0,415625;0;-0,415625
14265;93.596.905;93,596905;;;;93,596905;93,596905;0;;0;0;0
14270;93.596.905;93,596905;;;;93,596905;93,596905;0;;0;0,000156;0,000156
14271;93.596.905;93,596905;;;;93,596905;93,597061;0,000156;;0,000156;6,2E-05;-9,4E-05
14280;93.597.061;93,597061;;;;93,597061;93,597123;6,2E-05;;6,2E-05;4,5E-05;-1,7E-05
14281;93.597.123;93,597123;;;;93,597123;93,597168;4,5E-05;;4,5E-05;0,000811;0,000766
14282;93.597.168;93,597168;;;;93,597168;93,597979;0,000811;;0,000811;0,046135;0,045324
14285;93.597.979;93,597979;;;;93,597979;93,644114;0,046135;;0,046135;0,173348;0,127213
14645;93.644.114;93,644114;;;;93,644114;93,817462;0,173348;;0,173348;0,025493;-0,147855
14651;93.817.462;93,817462;;;;93,817462;93,842955;0,025493;;0,025493;2,514614;2,489121
14652;93.842.955;93,842955;;;;93,842955;96,357569;2,514614;;2,514614;0,025923;-2,488691
14663;96.357.569;96,357569;;;;96,357569;96,383492;0,025923;;0,025923;0,083045;0,057122
14664;96.383.492;96,383492;;;;96,383492;96,466537;0,083045;;0,083045;0,024409;-0,058636
14665;96.466.537;96,466537;;;;96,466537;96,490946;0,024409;;0,024409;0,527655;0,503246
14666;96.490.946;96,490946;;;;96,490946;97,018601;0,527655;;0,527655;0,008952;-0,518703
14667;97.018.601;97,018601;;;;97,018601;97,027553;0,008952;;0,008952;0,001007;-0,007945
14668;97.027.553;97,027553;;;;97,027553;97,02856;0,001007;;0,001007;0,008011;0,007004
14669;97.028.560;97,02856;;;;97,02856;97,036571;0,008011;;0,008011;0,000931;-0,00708
14670;97.036.571;97,036571;;;;97,036571;97,037502;0,000931;;0,000931;0,006742;0,005811
14671;97.037.502;97,037502;;;;97,037502;97,044244;0,006742;;0,006742;0,007244;0,000502
14672;97.044.244;97,044244;;;;97,044244;97,051488;0,007244;;0,007244;0,002047;-0,005197
14673;97.051.488;97,051488;;;;97,051488;97,053535;0,002047;;0,002047;0,005023;0,002976
14674;97.053.535;97,053535;;;;97,053535;97,058558;0,005023;;0,005023;0,007079;0,002056
14675;97.058.558;97,058558;;;;97,058558;97,065637;0,007079;;0,007079;0;-0,007079
14676;97.065.637;97,065637;;;;97,065637;97,065637;0;;0;0,01774;0,01774
14677;97.065.637;97,065637;;;;97,065637;97,083377;0,01774;;0,01774;0,834163;0,816423
14678;97.083.377;97,083377;;;;97,083377;97,91754;0,834163;;0,834163;0,023752;-0,810411
14679;97.917.540;97,91754;;;;97,91754;97,941292;0,023752;;0,023752;0,317311;0,293559
14680;97.941.292;97,941292;;;;97,941292;98,258603;0,317311;;0,317311;0,014569;-0,302742
14681;98.258.603;98,258603;;;;98,258603;98,273172;0,014569;;0,014569;0,013413;-0,001156
14682;98.273.172;98,273172;;;;98,273172;98,286585;0,013413;;0,013413;0,013842;0,000429
14683;98.286.585;98,286585;;;;98,286585;98,300427;0,013842;;0,013842;0,346178;0,332336
14684;98.300.427;98,300427;;;;98,300427;98,646605;0,346178;;0,346178;0,057032;-0,289146
14685;98.646.605;98,646605;;;;98,646605;98,703637;0,057032;;0,057032;0,652992;0,59596
14686;98.703.637;98,703637;;;;98,703637;99,356629;0,652992;;0,652992;0,188587;-0,464405
14687;99.356.629;99,356629;;;;99,356629;99,545216;0,188587;;0,188587;6,431643;6,243056
14688;99.545.216;99,545216;;;;99,545216;105,976859;6,431643;;6,431643;0,022865;-6,408778
14691;105.976.859;105,976859;;;;105,976859;105,999724;0,022865;;0,022865;0,118191;0,095326
14692;105.999.724;105,999724;;;;105,999724;106,117915;0,118191;;0,118191;0,023698;-0,094493
14693;106.117.915;106,117915;;;;106,117915;106,141613;0,023698;;0,023698;0,066272;0,042574
14694;106.141.613;106,141613;;;;106,141613;106,207885;0,066272;;0,066272;0,019993;-0,046279
14695;106.207.885;106,207885;;;;106,207885;106,227878;0,019993;;0,019993;0,003959;-0,016034
14696;106.227.878;106,227878;;;;106,227878;106,231837;0,003959;;0,003959;0,009298;0,005339
14697;106.231.837;106,231837;;;;106,231837;106,241135;0,009298;;0,009298;0,055721;0,046423
14698;106.241.135;106,241135;;;;106,241135;106,296856;0,055721;;0,055721;0,02437;-0,031351
14699;106.296.856;106,296856;;;;106,296856;106,321226;0,02437;;0,02437;1,690417;1,666047
14700;106.321.226;106,321226;;;;106,321226;108,011643;1,690417;;1,690417;0,19936;-1,491057
15142;108.011.643;108,011643;;;;108,011643;108,211003;0,19936;;0,19936;2,190917;1,991557
15143;108.211.003;108,211003;;;;108,211003;110,40192;2,190917;;2,190917;0,01337;-2,177547
16117;110.401.920;110,40192;;;;110,40192;110,41529;0,01337;;0,01337;0,233842;0,220472
16118;110.415.290;110,41529;;;;110,41529;110,649132;0,233842;;0,233842;0,201953;-0,031889
16119;110.649.132;110,649132;;;;110,649132;110,851085;0,201953;;0,201953;4,460115;4,258162
16120;110.851.085;110,851085;;;;110,851085;115,3112;4,460115;;4,460115;0,030528;-4,429587
16139;115.311.200;115,3112;;;;115,3112;115,341728;0,030528;;0,030528;0,02949;-0,001038
16140;115.341.728;115,341728;;;;115,341728;115,371218;0,02949;;0,02949;0,020828;-0,008662
16141;115.371.218;115,371218;;;;115,371218;115,392046;0,020828;;0,020828;1,249266;1,228438
16142;115.392.046;115,392046;;;;115,392046;116,641312;1,249266;;1,249266;0,02618;-1,223086
16143;116.641.312;116,641312;;;;116,641312;116,667492;0,02618;;0,02618;0,349241;0,323061
16144;116.667.492;116,667492;;;;116,667492;117,016733;0,349241;;0,349241;0,19956;-0,149681
16145;117.016.733;117,016733;;;;117,016733;117,216293;0,19956;;0,19956;2,530103;2,330543
16146;117.216.293;117,216293;;;;117,216293;119,746396;2,530103;;2,530103;0,023654;-2,506449
16155;119.746.396;119,746396;;;;119,746396;119,77005;0,023654;;0,023654;1,227569;1,203915
16156;119.770.050;119,77005;;;;119,77005;120,997619;1,227569;;1,227569;0;-1,227569
16158;120.997.619;120,997619;;;;120,997619;120,997619;0;;0;0,000106;0,000106
16159;120.997.619;120,997619;;;;120,997619;120,997725;0,000106;;0,000106;0,00023;0,000124
16160;120.997.725;120,997725;;;;120,997725;120,997955;0,00023;;0,00023;4,8E-05;-0,000182
16161;120.997.955;120,997955;;;;120,997955;120,998003;4,8E-05;;4,8E-05;0,003719;0,003671
16162;120.998.003;120,998003;;;;120,998003;121,001722;0,003719;;0,003719;0,024702;0,020983
16163;121.001.722;121,001722;;;;121,001722;121,026424;0,024702;;0,024702;9,164516;9,139814
16164;121.026.424;121,026424;;;;121,026424;130,19094;9,164516;;9,164516;0;-9,164516
16169;130.190.940;130,19094;;;;130,19094;130,19094;0;;0;1E-04;1E-04
16170;130.190.940;130,19094;;;;130,19094;130,19104;1E-04;;1E-04;0,00022;0,00012
16171;130.191.040;130,19104;;;;130,19104;130,19126;0,00022;;0,00022;5,3E-05;-0,000167
16172;130.191.260;130,19126;;;;130,19126;130,191313;5,3E-05;;5,3E-05;7,6E-05;2,3E-05
16173;130.191.313;130,191313;;;;130,191313;130,191389;7,6E-05;;7,6E-05;0,026347;0,026271
16174;130.191.389;130,191389;;;;130,191389;130,217736;0,026347;;0,026347;2,23013;2,203783
16175;130.217.736;130,217736;;;;130,217736;132,447866;2,23013;;2,23013;2,058961;-0,171169
16178;132.447.866;132,447866;;;;132,447866;134,506827;2,058961;;2,058961;0,200134;-1,858827
16181;134.506.827;134,506827;;;;134,506827;134,706961;0,200134;;0,200134;0,331968;0,131834
16182;134.706.961;134,706961;;;;134,706961;135,038929;0,331968;;0,331968;0,008017;-0,323951
16183;135.038.929;135,038929;;;;135,038929;135,046946;0,008017;;0,008017;0,00532;-0,002697
16184;135.046.946;135,046946;;;;135,046946;135,052266;0,00532;;0,00532;0,091456;0,086136
16185;135.052.266;135,052266;;;;135,052266;135,143722;0,091456;;0,091456;0,063245;-0,028211
16186;135.143.722;135,143722;;;;135,143722;135,206967;0,063245;;0,063245;0,188678;0,125433
16187;135.206.967;135,206967;;;;135,206967;135,395645;0,188678;;0,188678;1,111333;0,922655
16188;135.395.645;135,395645;;;;135,395645;136,506978;1,111333;;1,111333;0,098075;-1,013258
16190;136.506.978;136,506978;;;;136,506978;136,605053;0,098075;;0,098075;0,402957;0,304882
16191;136.605.053;136,605053;;;;136,605053;137,00801;0,402957;;0,402957;0,012629;-0,390328
16193;137.008.010;137,00801;;;;137,00801;137,020639;0,012629;;0,012629;1,158415;1,145786
16194;137.020.639;137,020639;;;;137,020639;138,179054;1,158415;;1,158415;0,069995;-1,08842
16196;138.179.054;138,179054;;;;138,179054;138,249049;0,069995;;0,069995;0,287214;0,217219
16197;138.249.049;138,249049;;;;138,249049;138,536263;0,287214;;0,287214;9,1E-05;-0,287123
16198;138.536.263;138,536263;;;;138,536263;138,536354;9,1E-05;;9,1E-05;0,3027;0,302609
16199;138.536.354;138,536354;;;;138,536354;138,839054;0,3027;;0,3027;0,025693;-0,277007
16200;138.839.054;138,839054;;;;138,839054;138,864747;0,025693;;0,025693;1,671068;1,645375
16201;138.864.747;138,864747;;;;138,864747;140,535815;1,671068;;1,671068;0,850322;-0,820746
16203;140.535.815;140,535815;;;;140,535815;141,386137;0,850322;;0,850322;0,025779;-0,824543
16204;141.386.137;141,386137;;;;141,386137;141,411916;0,025779;;0,025779;0,085256;0,059477
16205;141.411.916;141,411916;;;;141,411916;141,497172;0,085256;;0,085256;0,025492;-0,059764
16206;141.497.172;141,497172;;;;141,497172;141,522664;0,025492;;0,025492;0,524567;0,499075
16207;141.522.664;141,522664;;;;141,522664;142,047231;0,524567;;0,524567;0,001946;-0,522621
16208;142.047.231;142,047231;;;;142,047231;142,049177;0,001946;;0,001946;0,007996;0,00605
16209;142.049.177;142,049177;;;;142,049177;142,057173;0,007996;;0,007996;0,001979;-0,006017
16210;142.057.173;142,057173;;;;142,057173;142,059152;0,001979;;0,001979;0,008035;0,006056
16211;142.059.152;142,059152;;;;142,059152;142,067187;0,008035;;0,008035;0,0044;-0,003635
16212;142.067.187;142,067187;;;;142,067187;142,071587;0,0044;;0,0044;0,000461;-0,003939
16213;142.071.587;142,071587;;;;142,071587;142,072048;0,000461;;0,000461;0,009554;0,009093
16214;142.072.048;142,072048;;;;142,072048;142,081602;0,009554;;0,009554;0,001241;-0,008313
16215;142.081.602;142,081602;;;;142,081602;142,082843;0,001241;;0,001241;0,004334;0,003093
16216;142.082.843;142,082843;;;;142,082843;142,087177;0,004334;;0,004334;0,003557;-0,000777
16217;142.087.177;142,087177;;;;142,087177;142,090734;0,003557;;0,003557;0,031658;0,028101
16218;142.090.734;142,090734;;;;142,090734;142,122392;0,031658;;0,031658;1,021461;0,989803
16219;142.122.392;142,122392;;;;142,122392;143,143853;1,021461;;1,021461;0,000482;-1,020979
16221;143.143.853;143,143853;;;;143,143853;143,144335;0,000482;;0,000482;0,010266;0,009784
16222;143.144.335;143,144335;;;;143,144335;143,154601;0,010266;;0,010266;0,000395;-0,009871
16223;143.154.601;143,154601;;;;143,154601;143,154996;0,000395;;0,000395;0,00341;0,003015
16224;143.154.996;143,154996;;;;143,154996;143,158406;0,00341;;0,00341;5,1E-05;-0,003359
16225;143.158.406;143,158406;;;;143,158406;143,158457;5,1E-05;;5,1E-05;0,010622;0,010571
16226;143.158.457;143,158457;;;;143,158457;143,169079;0,010622;;0,010622;0,000128;-0,010494
16227;143.169.079;143,169079;;;;143,169079;143,169207;0,000128;;0,000128;0,122246;0,122118
16228;143.169.207;143,169207;;;;143,169207;143,291453;0,122246;;0,122246;0;-0,122246
16229;143.291.453;143,291453;;;;143,291453;143,291453;0;;0;8,6E-05;8,6E-05
16230;143.291.453;143,291453;;;;143,291453;143,291539;8,6E-05;;8,6E-05;1,249712;1,249626
16231;143.291.539;143,291539;;;;143,291539;144,541251;1,249712;;1,249712;0,188749;-1,060963
16234;144.541.251;144,541251;;;;144,541251;144,73;0,188749;;0,188749;4,70582;4,517071
16235;144.730.000;144,73;;;;144,73;149,43582;4,70582;;4,70582;8,5E-05;-4,705735
16259;149.435.820;149,43582;;;;149,43582;149,435905;8,5E-05;;8,5E-05;4,2E-05;-4,3E-05
16260;149.435.905;149,435905;;;;149,435905;149,435947;4,2E-05;;4,2E-05;0,026651;0,026609
16261;149.435.947;149,435947;;;;149,435947;149,462598;0,026651;;0,026651;0;-0,026651
16263;149.462.598;149,462598;;;;149,462598;149,462598;0;;0;0;0
16264;149.462.598;149,462598;;;;149,462598;149,462598;0;;0;0,002048;0,002048
16265;149.462.598;149,462598;;;;149,462598;149,464646;0,002048;;0,002048;0,195446;0,193398
16266;149.464.646;149,464646;;;;149,464646;149,660092;0,195446;;0,195446;8,4E-05;-0,195362
16268;149.660.092;149,660092;;;;149,660092;149,660176;8,4E-05;;8,4E-05;0,010268;0,010184
16269;149.660.176;149,660176;;;;149,660176;149,670444;0,010268;;0,010268;0,000122;-0,010146
16270;149.670.444;149,670444;;;;149,670444;149,670566;0,000122;;0,000122;0,026641;0,026519
16271;149.670.566;149,670566;;;;149,670566;149,697207;0,026641;;0,026641;1,307338;1,280697
16272;149.697.207;149,697207;;;;149,697207;151,004545;1,307338;;1,307338;0,023114;-1,284224
16273;151.004.545;151,004545;;;;151,004545;151,027659;0,023114;;0,023114;0,118915;0,095801
16274;151.027.659;151,027659;;;;151,027659;151,146574;0,118915;;0,118915;0,055085;-0,06383
16275;151.146.574;151,146574;;;;151,146574;151,201659;0,055085;;0,055085;0,04488;-0,010205
16276;151.201.659;151,201659;;;;151,201659;151,246539;0,04488;;0,04488;0,02641;-0,01847
16277;151.246.539;151,246539;;;;151,246539;151,272949;0,02641;;0,02641;0,051609;0,025199
16278;151.272.949;151,272949;;;;151,272949;151,324558;0,051609;;0,051609;0,037711;-0,013898
16279;151.324.558;151,324558;;;;151,324558;151,362269;0,037711;;0,037711;0,285889;0,248178
16282;151.362.269;151,362269;;;;151,362269;151,648158;0,285889;;0,285889;0,013427;-0,272462
16289;151.648.158;151,648158;;;;151,648158;151,661585;0,013427;;0,013427;0,239028;0,225601
16290;151.661.585;151,661585;;;;151,661585;151,900613;0,239028;;0,239028;0,207005;-0,032023
16291;151.900.613;151,900613;;;;151,900613;152,107618;0,207005;;0,207005;0,761626;0,554621
16292;152.107.618;152,107618;;;;152,107618;152,869244;0,761626;;0,761626;0,208363;-0,553263
16293;152.869.244;152,869244;;;;152,869244;153,077607;0,208363;;0,208363;7,311254;7,102891
16294;153.077.607;153,077607;;;;153,077607;160,388861;7,311254;;7,311254;0,01388;-7,297374
16311;160.388.861;160,388861;;;;160,388861;160,402741;0,01388;;0,01388;4,375295;4,361415
16312;160.402.741;160,402741;;;;160,402741;164,778036;4,375295;;4,375295;0,024264;-4,351031
16313;164.778.036;164,778036;;;;164,778036;164,8023;0,024264;;0,024264;2,425539;2,401275
16314;164.802.300;164,8023;;;;164,8023;167,227839;2,425539;;2,425539;0,19934;-2,226199
16319;167.227.839;167,227839;;;;167,227839;167,427179;0,19934;;0,19934;7,47707;7,27773
16320;167.427.179;167,427179;;;;167,427179;174,904249;7,47707;;7,47707;0;-7,47707
16327;174.904.249;174,904249;;;;174,904249;174,904249;0;;0;0,000137;0,000137
16328;174.904.249;174,904249;;;;174,904249;174,904386;0,000137;;0,000137;0,000236;9,9E-05
16329;174.904.386;174,904386;;;;174,904386;174,904622;0,000236;;0,000236;6,7E-05;-0,000169
16330;174.904.622;174,904622;;;;174,904622;174,904689;6,7E-05;;6,7E-05;2,3E-05;-4,4E-05
16331;174.904.689;174,904689;;;;174,904689;174,904712;2,3E-05;;2,3E-05;0,014215;0,014192
16332;174.904.712;174,904712;;;;174,904712;174,918927;0,014215;;0,014215;0,007589;-0,006626
16333;174.918.927;174,918927;;;;174,918927;174,926516;0,007589;;0,007589;0;-0,007589
16334;174.926.516;174,926516;;;;174,926516;174,926516;0;;0;0;0
16335;174.926.516;174,926516;;;;174,926516;174,926516;0;;0;9,6E-05;9,6E-05
16336;174.926.516;174,926516;;;;174,926516;174,926612;9,6E-05;;9,6E-05;0,000314;0,000218
16337;174.926.612;174,926612;;;;174,926612;174,926926;0,000314;;0,000314;0,012435;0,012121
16338;174.926.926;174,926926;;;;174,926926;174,939361;0,012435;;0,012435;0,008714;-0,003721
16339;174.939.361;174,939361;;;;174,939361;174,948075;0,008714;;0,008714;0;-0,008714
16340;174.948.075;174,948075;;;;174,948075;174,948075;0;;0;0;0
16341;174.948.075;174,948075;;;;174,948075;174,948075;0;;0;8,2E-05;8,2E-05
16342;174.948.075;174,948075;;;;174,948075;174,948157;8,2E-05;;8,2E-05;0,000503;0,000421
16343;174.948.157;174,948157;;;;174,948157;174,94866;0,000503;;0,000503;0,011508;0,011005
16344;174.948.660;174,94866;;;;174,94866;174,960168;0,011508;;0,011508;1,120939;1,109431
16345;174.960.168;174,960168;;;;174,960168;176,081107;1,120939;;1,120939;0;-1,120939
16350;176.081.107;176,081107;;;;176,081107;176,081107;0;;0;0,000113;0,000113
16351;176.081.107;176,081107;;;;176,081107;176,08122;0,000113;;0,000113;0,000191;7,8E-05
16352;176.081.220;176,08122;;;;176,08122;176,081411;0,000191;;0,000191;3,6E-05;-0,000155
16353;176.081.411;176,081411;;;;176,081411;176,081447;3,6E-05;;3,6E-05;3,9E-05;3E-06
16354;176.081.447;176,081447;;;;176,081447;176,081486;3,9E-05;;3,9E-05;0,014653;0,014614
16355;176.081.486;176,081486;;;;176,081486;176,096139;0,014653;;0,014653;1,344414;1,329761
16356;176.096.139;176,096139;;;;176,096139;177,440553;1,344414;;1,344414;0,025896;-1,318518
16359;177.440.553;177,440553;;;;177,440553;177,466449;0,025896;;0,025896;0,496096;0,4702
16360;177.466.449;177,466449;;;;177,466449;177,962545;0,496096;;0,496096;0;-0,496096
16361;177.962.545;177,962545;;;;177,962545;177,962545;0;;0;0;0
16362;177.962.545;177,962545;;;;177,962545;177,962545;0;;0;0,000136;0,000136
16363;177.962.545;177,962545;;;;177,962545;177,962681;0,000136;;0,000136;0,000269;0,000133
16364;177.962.681;177,962681;;;;177,962681;177,96295;0,000269;;0,000269;0,023465;0,023196
16365;177.962.950;177,96295;;;;177,96295;177,986415;0,023465;;0,023465;0,48389;0,460425
16366;177.986.415;177,986415;;;;177,986415;178,470305;0,48389;;0,48389;0;-0,48389
16367;178.470.305;178,470305;;;;178,470305;178,470305;0;;0;9,9E-05;9,9E-05
16368;178.470.305;178,470305;;;;178,470305;178,470404;9,9E-05;;9,9E-05;0,000222;0,000123
16369;178.470.404;178,470404;;;;178,470404;178,470626;0,000222;;0,000222;6E-05;-0,000162
16370;178.470.626;178,470626;;;;178,470626;178,470686;6E-05;;6E-05;4,2E-05;-1,8E-05
16371;178.470.686;178,470686;;;;178,470686;178,470728;4,2E-05;;4,2E-05;0,026422;0,02638
16372;178.470.728;178,470728;;;;178,470728;178,49715;0,026422;;0,026422;0,888624;0,862202
16373;178.497.150;178,49715;;;;178,49715;179,385774;0,888624;;0,888624;9,4E-05;-0,88853
16379;179.385.774;179,385774;;;;179,385774;179,385868;9,4E-05;;9,4E-05;3,7E-05;-5,7E-05
16380;179.385.868;179,385868;;;;179,385868;179,385905;3,7E-05;;3,7E-05;0,00022;0,000183
16381;179.385.905;179,385905;;;;179,385905;179,386125;0,00022;;0,00022;5,3E-05;-0,000167
16382;179.386.125;179,386125;;;;179,386125;179,386178;5,3E-05;;5,3E-05;0,028714;0,028661
16383;179.386.178;179,386178;;;;179,386178;179,414892;0,028714;;0,028714;0,000126;-0,028588
16385;179.414.892;179,414892;;;;179,414892;179,415018;0,000126;;0,000126;0,001588;0,001462
16386;179.415.018;179,415018;;;;179,415018;179,416606;0,001588;;0,001588;0,193995;0,192407
16387;179.416.606;179,416606;;;;179,416606;179,610601;0,193995;;0,193995;0,002284;-0,191711
16389;179.610.601;179,610601;;;;179,610601;179,612885;0,002284;;0,002284;0,00077;-0,001514
16390;179.612.885;179,612885;;;;179,612885;179,613655;0,00077;;0,00077;9,3E-05;-0,000677
16391;179.613.655;179,613655;;;;179,613655;179,613748;9,3E-05;;9,3E-05;0,002879;0,002786
16392;179.613.748;179,613748;;;;179,613748;179,616627;0,002879;;0,002879;0,00026;-0,002619
16393;179.616.627;179,616627;;;;179,616627;179,616887;0,00026;;0,00026;0,000152;-0,000108
16394;179.616.887;179,616887;;;;179,616887;179,617039;0,000152;;0,000152;0,02521;0,025058
16395;179.617.039;179,617039;;;;179,617039;179,642249;0,02521;;0,02521;0,005905;-0,019305
16396;179.642.249;179,642249;;;;179,642249;179,648154;0,005905;;0,005905;1,191715;1,18581
16397;179.648.154;179,648154;;;;179,648154;180,839869;1,191715;;1,191715;0,000209;-1,191506
16398;180.839.869;180,839869;;;;180,839869;180,840078;0,000209;;0,000209;5,4E-05;-0,000155
16399;180.840.078;180,840078;;;;180,840078;180,840132;5,4E-05;;5,4E-05;1,8E-05;-3,6E-05
16400;180.840.132;180,840132;;;;180,840132;180,84015;1,8E-05;;1,8E-05;0,023729;0,023711
16401;180.840.150;180,84015;;;;180,84015;180,863879;0,023729;;0,023729;1,163797;1,140068
16402;180.863.879;180,863879;;;;180,863879;182,027676;1,163797;;1,163797;0,013203;-1,150594
16403;182.027.676;182,027676;;;;182,027676;182,040879;0,013203;;0,013203;4,377001;4,363798
16404;182.040.879;182,040879;;;;182,040879;186,41788;4,377001;;4,377001;0,026062;-4,350939
16410;186.417.880;186,41788;;;;186,41788;186,443942;0,026062;;0,026062;0,075859;0,049797
16411;186.443.942;186,443942;;;;186,443942;186,519801;0,075859;;0,075859;0,025533;-0,050326
16412;186.519.801;186,519801;;;;186,519801;186,545334;0,025533;;0,025533;0,524461;0,498928
16413;186.545.334;186,545334;;;;186,545334;187,069795;0,524461;;0,524461;0,000982;-0,523479
16414;187.069.795;187,069795;;;;187,069795;187,070777;0,000982;;0,000982;0,00901;0,008028
16415;187.070.777;187,070777;;;;187,070777;187,079787;0,00901;;0,00901;0,000991;-0,008019
16416;187.079.787;187,079787;;;;187,079787;187,080778;0,000991;;0,000991;0,009011;0,00802
16417;187.080.778;187,080778;;;;187,080778;187,089789;0,009011;;0,009011;0,004238;-0,004773
16418;187.089.789;187,089789;;;;187,089789;187,094027;0,004238;;0,004238;0,000321;-0,003917
16419;187.094.027;187,094027;;;;187,094027;187,094348;0,000321;;0,000321;0,009556;0,009235
16420;187.094.348;187,094348;;;;187,094348;187,103904;0,009556;;0,009556;0,001132;-0,008424
16421;187.103.904;187,103904;;;;187,103904;187,105036;0,001132;;0,001132;0,009528;0,008396
16422;187.105.036;187,105036;;;;187,105036;187,114564;0,009528;;0,009528;0,006228;-0,0033
16423;187.114.564;187,114564;;;;187,114564;187,120792;0,006228;;0,006228;0,024657;0,018429
16424;187.120.792;187,120792;;;;187,120792;187,145449;0,024657;;0,024657;1,144439;1,119782
16425;187.145.449;187,145449;;;;187,145449;188,289888;1,144439;;1,144439;0,057293;-1,087146
16426;188.289.888;188,289888;;;;188,289888;188,347181;0,057293;;0,057293;1,382746;1,325453
16427;188.347.181;188,347181;;;;188,347181;189,729927;1,382746;;1,382746;0,189321;-1,193425
16428;189.729.927;189,729927;;;;189,729927;189,919248;0,189321;;0,189321;2,979417;2,790096
16429;189.919.248;189,919248;;;;189,919248;192,898665;2,979417;;2,979417;0,014188;-2,965229
16438;192.898.665;192,898665;;;;192,898665;192,912853;0,014188;;0,014188;0,235216;0,221028
16439;192.912.853;192,912853;;;;192,912853;193,148069;0,235216;;0,235216;0,19999;-0,035226
16440;193.148.069;193,148069;;;;193,148069;193,348059;0,19999;;0,19999;2,860089;2,660099
16442;193.348.059;193,348059;;;;193,348059;196,208148;2,860089;;2,860089;0,023865;-2,836224
16443;196.208.148;196,208148;;;;196,208148;196,232013;0,023865;;0,023865;0,04622;0,022355
16444;196.232.013;196,232013;;;;196,232013;196,278233;0,04622;;0,04622;0,013519;-0,032701
16445;196.278.233;196,278233;;;;196,278233;196,291752;0,013519;;0,013519;0,068485;0,054966
16446;196.291.752;196,291752;;;;196,291752;196,360237;0,068485;;0,068485;0,029637;-0,038848
16447;196.360.237;196,360237;;;;196,360237;196,389874;0,029637;;0,029637;9,010651;8,981014
16448;196.389.874;196,389874;;;;196,389874;205,400525;9,010651;;9,010651;0,01383;-8,996821
16471;205.400.525;205,400525;;;;205,400525;205,414355;0,01383;;0,01383;0,611739;0,597909
16472;205.414.355;205,414355;;;;205,414355;206,026094;0,611739;;0,611739;0,001286;-0,610453
16473;206.026.094;206,026094;;;;206,026094;206,02738;0,001286;;0,001286;0,000152;-0,001134
16474;206.027.380;206,02738;;;;206,02738;206,027532;0,000152;;0,000152;0,024396;0,024244
16475;206.027.532;206,027532;;;;206,027532;206,051928;0,024396;;0,024396;0,000523;-0,023873
16476;206.051.928;206,051928;;;;206,051928;206,052451;0,000523;;0,000523;0,000757;0,000234
16477;206.052.451;206,052451;;;;206,052451;206,053208;0,000757;;0,000757;0,000175;-0,000582
16478;206.053.208;206,053208;;;;206,053208;206,053383;0,000175;;0,000175;0,199202;0,199027
16479;206.053.383;206,053383;;;;206,053383;206,252585;0,199202;;0,199202;0,001509;-0,197693
16480;206.252.585;206,252585;;;;206,252585;206,254094;0,001509;;0,001509;0,001129;-0,00038
16481;206.254.094;206,254094;;;;206,254094;206,255223;0,001129;;0,001129;0,000107;-0,001022
16482;206.255.223;206,255223;;;;206,255223;206,25533;0,000107;;0,000107;0,0258;0,025693
16483;206.255.330;206,25533;;;;206,25533;206,28113;0,0258;;0,0258;3,521524;3,495724
16484;206.281.130;206,28113;;;;206,28113;209,802654;3,521524;;3,521524;0,024216;-3,497308
16494;209.802.654;209,802654;;;;209,802654;209,82687;0,024216;;0,024216;7,392193;7,367977
16495;209.826.870;209,82687;;;;209,82687;217,219063;7,392193;;7,392193;0,199956;-7,192237
16510;217.219.063;217,219063;;;;217,219063;217,419019;0,199956;;0,199956;5,044088;4,844132
16512;217.419.019;217,419019;;;;217,419019;222,463107;5,044088;;5,044088;0,023836;-5,020252
16532;222.463.107;222,463107;;;;222,463107;222,486943;0,023836;;0,023836;1,327044;1,303208
16533;222.486.943;222,486943;;;;222,486943;223,813987;1,327044;;1,327044;0,000304;-1,32674
16600;223.813.987;223,813987;;;;223,813987;223,814291;0,000304;;0,000304;6,9E-05;-0,000235
16601;223.814.291;223,814291;;;;223,814291;223,81436;6,9E-05;;6,9E-05;0;-6,9E-05
16602;223.814.360;223,81436;;;;223,81436;223,81436;0;;0;0,025221;0,025221
16603;223.814.360;223,81436;;;;223,81436;223,839581;0,025221;;0,025221;0,000905;-0,024316
16606;223.839.581;223,839581;;;;223,839581;223,840486;0,000905;;0,000905;0,000254;-0,000651
16607;223.840.486;223,840486;;;;223,840486;223,84074;0,000254;;0,000254;0,199406;0,199152
16608;223.840.740;223,84074;;;;223,84074;224,040146;0,199406;;0,199406;0,006336;-0,19307
16610;224.040.146;224,040146;;;;224,040146;224,046482;0,006336;;0,006336;0,001369;-0,004967
16611;224.046.482;224,046482;;;;224,046482;224,047851;0,001369;;0,001369;8,5E-05;-0,001284
16612;224.047.851;224,047851;;;;224,047851;224,047936;8,5E-05;;8,5E-05;0,026541;0,026456
16613;224.047.936;224,047936;;;;224,047936;224,074477;0,026541;;0,026541;2,964841;2,9383
16614;224.074.477;224,074477;;;;224,074477;227,039318;2,964841;;2,964841;0,012584;-2,952257
17893;227.039.318;227,039318;;;;227,039318;227,051902;0,012584;;0,012584;2,497395;2,484811
17894;227.051.902;227,051902;;;;227,051902;229,549297;2,497395;;2,497395;0,200077;-2,297318
18918;229.549.297;229,549297;;;;229,549297;229,749374;0,200077;;0,200077;1,690055;1,489978
19038;229.749.374;229,749374;;;;229,749374;231,439429;1,690055;;1,690055;0,025729;-1,664326
20537;231.439.429;231,439429;;;;231,439429;231,465158;0,025729;;0,025729;0,074277;0,048548
20539;231.465.158;231,465158;;;;231,465158;231,539435;0,074277;;0,074277;0,023595;-0,050682
20603;231.539.435;231,539435;;;;231,539435;231,56303;0,023595;;0,023595;0,526432;0,502837
20690;231.563.030;231,56303;;;;231,56303;232,089462;0,526432;;0,526432;0,001967;-0,524465
20734;232.089.462;232,089462;;;;232,089462;232,091429;0,001967;;0,001967;0,008024;0,006057
20735;232.091.429;232,091429;;;;232,091429;232,099453;0,008024;;0,008024;0,00198;-0,006044
20736;232.099.453;232,099453;;;;232,099453;232,101433;0,00198;;0,00198;0,008019;0,006039
20737;232.101.433;232,101433;;;;232,101433;232,109452;0,008019;;0,008019;0,004676;-0,003343
20738;232.109.452;232,109452;;;;232,109452;232,114128;0,004676;;0,004676;0,000426;-0,00425
20739;232.114.128;232,114128;;;;232,114128;232,114554;0,000426;;0,000426;0,009828;0,009402
20740;232.114.554;232,114554;;;;232,114554;232,124382;0,009828;;0,009828;0,000546;-0,009282
20741;232.124.382;232,124382;;;;232,124382;232,124928;0,000546;;0,000546;0,008144;0,007598
20742;232.124.928;232,124928;;;;232,124928;232,133072;0,008144;;0,008144;0,006374;-0,00177
20744;232.133.072;232,133072;;;;232,133072;232,139446;0,006374;;0,006374;0,023733;0,017359
20745;232.139.446;232,139446;;;;232,139446;232,163179;0,023733;;0,023733;1,176328;1,152595
20812;232.163.179;232,163179;;;;232,163179;233,339507;1,176328;;1,176328;0,056347;-1,119981
22002;233.339.507;233,339507;;;;233,339507;233,395854;0,056347;;0,056347;0,752267;0,69592
22003;233.395.854;233,395854;;;;233,395854;234,148121;0,752267;;0,752267;0,013325;-0,738942
22917;234.148.121;234,148121;;;;234,148121;234,161446;0,013325;;0,013325;0,236;0,222675
22918;234.161.446;234,161446;;;;234,161446;234,397446;0,236;;0,236;0,192079;-0,043921
22955;234.397.446;234,397446;;;;234,397446;234,589525;0,192079;;0,192079;0,337042;0,144963
22957;234.589.525;234,589525;;;;234,589525;234,926567;0,337042;;0,337042;0,190004;-0,147038
23092;234.926.567;234,926567;;;;234,926567;235,116571;0,190004;;0,190004;6,113208;5,923204
23533;235.116.571;235,116571;;;;235,116571;241,229779;6,113208;;6,113208;0,024123;-6,089085
25273;241.229.779;241,229779;;;;241,229779;241,253902;0,024123;;0,024123;0,03592;0,011797
25274;241.253.902;241,253902;;;;241,253902;241,289822;0,03592;;0,03592;0,012721;-0,023199
25276;241.289.822;241,289822;;;;241,289822;241,302543;0,012721;;0,012721;0,09426;0,081539
25277;241.302.543;241,302543;;;;241,302543;241,396803;0,09426;;0,09426;0,024571;-0,069689
25478;241.396.803;241,396803;;;;241,396803;241,421374;0,024571;;0,024571;8,234813;8,210242
25479;241.421.374;241,421374;;;;241,421374;249,656187;8,234813;;8,234813;0,199887;-8,034926
26979;249.656.187;249,656187;;;;249,656187;249,856074;0,199887;;0,199887;0,561061;0,361174
27324;249.856.074;249,856074;;;;249,856074;250,417135;0,561061;;0,561061;0,013654;-0,547407
27711;250.417.135;250,417135;;;;250,417135;250,430789;0,013654;;0,013654;2,432346;2,418692
27712;250.430.789;250,430789;;;;250,430789;252,863135;2,432346;;2,432346;0,200063;-2,232283
31849;252.863.135;252,863135;;;;252,863135;253,063198;0,200063;;0,200063;1,693565;1,493502
31867;253.063.198;253,063198;;;;253,063198;254,756763;1,693565;;1,693565;0,066542;-1,627023
31910;254.756.763;254,756763;;;;254,756763;254,823305;0,066542;;0,066542;0,024716;-0,041826
31911;254.823.305;254,823305;;;;254,823305;254,848021;0,024716;;0,024716;0,105286;0,08057
31912;254.848.021;254,848021;;;;254,848021;254,953307;0,105286;;0,105286;;
31913;254.953.307;254,953307;;;;254,953307;;;;;;
;;;;;;;;;;TOTAL VARIASI DELLAY;;0,089268
;;;;;;TOTAL DELLAY;;254,953307;;JITTER;;0,000129939
;;;;;;RATA - RATA DELLAY;;0,371111073;;;;
